"1","111871312","RanaDaggubati"
"2","2222673457","rsprasad"
"3","65659343","ajaydevgn"
"4","169058509","Raghav_Bahl"
"5","2677681358","FCGoaOfficial"
"6","56039856","abhijitmajumder"
"7","373280952","drramansingh"
"8","41552881","Kailashkher"
"9","16507391","MTVIndia"
"10","61156375","yrf"
"11","355989081","ANI_news"
"12","358136545","MPNaveenJindal"
"13","43568964","virsanghvi"
"14","109275593","ImZaheer"
"15","295251095","SushilModi"
"16","24882286","ChargersHome"
"17","51376979","sonamakapoor"
"18","117407834","ChennaiIPL"
"19","128155589","TheVijayMallya"
"20","145592277","SonyTV"
"21","1447949844","AmitShahOffice"
"22","176888549","DelhiDaredevils"
"23","875118728","SonyLIV"
"24","93825359","StarPlus"
"25","42350663","anubhabhonsle"
"26","138387944","BajpayeeManoj"
"27","83529586","PrannoyRoyNDTV"
"28","2183816041","arunjaitley"
"29","90628174","jaavedjaaferi"
"30","1244137812","PlanComIndia"
"31","2506662439","CMMadhyaPradesh"
"32","113419517","iHrithik"
"33","990928986","ChennaiExp2013"
"34","1707427058","simon_schama"
"35","2585481402","KBFCOfficial"
"36","32843303","soniandtv"
"37","108936259","rampalarjun"
"38","80404504","ADTSinghSharma"
"39","14372104","gchahal"
"40","1154869812","Pallamrajumm"
"41","471741741","PMOIndia"
"42","230856076","poonam_mahajan"
"43","13508182","Tarunvijay"
"44","92724677","virendersehwag"
"45","14444461","medianama"
"46","29773272","IMGWorldwide"
"47","94163409","sonakshisinha"
"48","67602060","shiekhspear"
"49","49375859","DeependerSHooda"
"50","250495841","NMenonRao"
"51","109241992","SunidhiChauhan5"
"52","2177710981","Ileana_Official"
"53","66334209","LaraDutta"
"54","104417011","neelamkothari"
"55","94628304","Jemima_Khan"
"56","114671033","SonyMAX"
"57","151610720","Saqibsaleem"
"58","185142711","BCCI"
"59","124258971","ashabhosle"
"60","71201743","imVkohli"
"61","207809313","BJP4India"
"62","1129278218","nikitindheer"
"63","46134530","SamsungMobileIN"
"64","490442018","irrfan_k"
"65","101695592","deepikapadukone"
"66","87233065","authoramish"
"67","75246346","sudhirchaudhary"
"68","121366894","ramonasworld"
"69","21308332","BibhuMohapatra"
"70","31102690","dalermehndi"
"71","631232364","BecauseImFreida"
"72","28082599","rajeev_mp"
"73","364061735","RamKapoor"
"74","158089836","shibanidandekar"
"75","94816809","Sophie_Choudry"
"76","92211391","cricketwallah"
"77","89336577","shilparao11"
"78","459849561","VijayGoelBJP"
"79","30857481","TOIEntertain"
"80","46073276","jonathanshainin"
"81","155151279","mangeshkarlata"
"82","53790896","R_Khanna"
"83","347035710","manoharparrikar"
"84","75461927","StarMoviesIndia"
"85","477875139","ErosNow"
"86","44335525","HHShkMohd"
"87","60023642","NimratOfficial"
"88","6509832","ibnlive"
"89","458966079","NeinQuarterly"
"90","989495850","GreatKhali"
"91","165506153","buzzindelhi"
"92","17797666","kaushikcbasu"
"93","75714954","RajivMakhni"
"94","769727912","asliyoyo"
"95","1288175774","VasundharaBJP"
"96","47685065","dhume"
"97","41364508","VishalDadlani"
"98","69229721","AliZafarsays"
"99","148248527","Mohanlal"
"100","992437866","TipsFilms"
"101","19897138","IndiaToday"
"102","136687212","punewarriorsipl"
"103","25966181","suhasinih"
"104","219617448","SushmaSwaraj"
"105","50943008","JhaSanjay"
"106","56631494","shahidkapoor"
"107","56312411","sagarikaghose"
"108","53556894","MaheshNBhatt"
"109","2541363451","HMOIndia"
"110","21014078","svaradarajan"
"111","66306024","CelinaJaitly"
"112","207888272","RichaChadda"
"113","57928790","karanjohar"
"114","102382667","NargisFakhri"
"115","332188446","milinddeora"
"116","50243043","GOLDIEBEHL"
"117","57948579","yadavakhilesh"
"118","2604848317","atletidekolkata"
"119","19438384","PMuralidharRao"
"120","443635369","myindianidol"
"121","58243368","nsitharaman"
"122","96087281","ShereenBhan"
"123","39338684","ChadMMurray"
"124","114501238","sussannekroshan"
"125","586361294","RonnieScrewvala"
"126","115341081","TheShilpaShetty"
"127","58173133","Maheshbhupathi"
"128","122046636","GurinderC"
"129","79530637","adityakalra"
"130","97913631","ShuklaRajiv"
"131","2809029114","ChennaiyinFC"
"132","38162820","amolrajan"
"133","66319753","bindasstv"
"134","118024094","ArshadWarsi"
"135","70931004","RCBTweets"
"136","15941979","kunalkohli"
"137","141633175","DrKumarVishwas"
"138","243023355","AnanthKumar_BJP"
"139","88147848","boxofficeindia"
"140","405427035","ArvindKejriwal"
"141","225012752","ETNOWlive"
"142","2708915372","SGanguly99"
"143","2526656012","TheArmaanJain"
"144","700568101","PDdancing"
"145","1119384594","SinghRPN"
"146","2189716682","praful_patel"
"147","1894112550","IndSuperLeague"
"148","597301440","sakpataudi"
"149","121033748","AnirudhChaudhry"
"150","17710740","dna"
"151","107318424","bipsluvurself"
"152","230140702","iam_juhi"
"153","138330579","MishiAmit"
"154","1056850669","airnewsalerts"
"155","56304605","sardesairajdeep"
"156","99642673","taran_adarsh"
"157","18238260","ColorsTV"
"158","1025796991","TheRahulMahajan"
"159","15093629","shekharkapur"
"160","130104041","smritiirani"
"161","920488039","MIB_India"
"162","18639738","tunkuv"
"163","339439341","VenkyMysore"
"164","24177024","Sulaiman"
"165","786411930","TheRaymondLtd"
"166","936695288","ManishTewari"
"167","243584516","shammybaweja"
"168","468229219","HaydonLisa"
"169","69771400","Lisaraniray"
"170","33338729","vikasbajaj"
"171","1243173036","RedChilliesEnt"
"172","1054143836","Gupta_vijender"
"173","97865628","FarOutAkhtar"
"174","68977380","thekiranbedi"
"175","947192262","TheJohnAbraham"
"176","44635677","DabbooRatnani"
"177","2253142422","isro"
"178","15875921","NH7"
"179","61126132","SriSri"
"180","161318053","BT_India"
"181","95425326","Abhinav_Bindra"
"182","36327407","htTweets"
"183","1227253801","adgpi"
"184","57214438","ArjunArtist"
"185","358814014","ashwinravi99"
"186","1652526218","AnilKapoor"
"187","38647512","IndianExpress"
"188","62101279","divyaspandana"
"189","505694805","DrSYQuraishi"
"190","76294950","AnupamPkher"
"191","1456759956","HTMumbai"
"192","152251488","dhanushkraja"
"193","123171317","NavbharatTimes"
"194","39240673","abpnewstv"
"195","147019183","Kritika_Kamra"
"196","1196254680","NSaina"
"197","20609518","DalaiLama"
"198","45162347","Ayeshatakia"
"199","147493686","sampitroda"
"200","19895282","arrahman"
"201","224180296","raju"
"202","252531143","SlaughterAM"
"203","44345790","ShekharRavjiani"
"204","33464913","PankajPachauri"
"205","339600819","KBCsony"
"206","381949397","ianuragthakur"
"207","60737306","ShirishKunder"
"208","54829997","AnushkaSharma"
"209","559345507","yogrishiramdev"
"210","68399705","vivek_oberoi"
"211","950165300","S1dharthM"
"212","56913467","NehaDhupia"
"213","207997374","DharmaMovies"
"214","24705126","ShashiTharoor"
"215","42917001","vanityparty"
"216","83212615","rajcheerfull"
"217","17299063","PTI"
"218","70903729","NeilNMukesh"
"219","17484733","warnerbrosindia"
"220","120990817","iamnagarjuna"
"221","2597413135","RashtrapatiBhvn"
"222","1100927498","DDNewsLive"
"223","21114659","ForeignAffairs"
"224","231033118","PIB_India"
"225","1302871633","DianaPenty"
"226","1088422554","UNDP_India"
"227","37168231","suhelseth"
"228","19929890","BDUTT"
"229","18839785","narendramodi"
"230","1346439824","BJPRajnathSingh"
"231","378056166","anandibenpatel"
"232","34197952","anandmahindra"
"233","1026332905","StarSportsIndia"
"234","149198901","duttsanjay"
"235","144755081","ManishMalhotra1"
"236","1639712454","AndPicturesIN"
"237","40400019","PrabhuChawla"
"238","50271716","ScreenIndia"
"239","113278275","bomanirani"
"240","55520719","shreyaghoshal"
"241","37034483","ndtv"
"242","33801019","ParineetiChopra"
"243","98932084","salim_merchant"
"244","427258135","LifeOKTV"
"245","251521725","aditiraohydari"
"246","48990944","shrishtiarya"
"247","57371662","PadmaLakshmi"
"248","14072047","SachinKalbag"
"249","283916211","humasqureshi"
"250","138822469","abdullah_omar"
"251","2602959463","RailMinIndia"
"252","371730289","digvijaya_28"
"253","246166695","Dhoom3TheMovie"
"254","233924133","tiwarymanoj"
"255","711694309","AamAadmiParty"
"256","240649814","timesnow"
"257","73043514","GargiRawat"
"258","57188977","sonunigam"
"259","44588485","chetan_bhagat"
"260","1856588299","UNinIndia"
"261","50944856","smitaprakash"
"262","1324334436","PiyushGoyal"
"263","108253263","gqindia"
"264","17673635","livemint"
"265","68497896","RanveerOfficial"
"266","631926517","ManishPaul03"
"267","122928781","AzmiShabana"
"268","75968447","poojabeditweets"
"269","49909770","saikatd"
"270","111615736","anupamachopra"
"271","2481283506","gurdasmaan"
"272","17482727","rameshsrivats"
"273","389974129","ritesh_sid"
"274","176295495","sanjaymanjrekar"
"275","17717614","vikramchandra"
"276","754613281","SinghaniaGautam"
"277","1856414335","Gen_VKSingh"
"278","56363343","SanjeevKapoor"
"279","50706158","jiahkhan"
"280","468479147","AllIndiaBakchod"
"281","102594253","imbhandarkar"
"282","18681139","priyankachopra"
"283","2561057052","FCPuneCity"
"284","42226885","vkhosla"
"285","285475285","AmritaRao"
"286","79708561","Asli_Jacqueline"
"287","9783422","NewsyVideos"
"288","23061619","GulPanag"
"289","59808841","YUVSTRONG12"
"290","106345557","mipaltan"
"291","116677732","RahulBose1"
"292","99918503","ImIshant"
"293","131442654","divyadutta25"
"294","86478153","thecaravanindia"
"295","87174678","MirzaSania"
"296","2785480981","makeinindia_"
"297","2584146452","ItsAmitTrivedi"
"298","59983585","ajaymaken"
"299","114785416","singer_shaan"
"300","52446754","ESET"
"301","355874903","SirPareshRawal"
"302","2477802067","k_satyarthi"
"303","17864993","Tanvisha"
"304","35695228","filmfare"
"305","78598071","vajir"
"306","63073975","madversity"
"307","84276772","SnehaRajani"
"308","180380465","YouTubeIndia"
"309","84310561","ETCBollywood"
"310","2686834802","mygovindia"
"311","261090708","RakeyshOmMehra"
"312","84554399","thesushmitasen"
"313","2589318188","TexMinIndia"
"314","2469605695","arjunk26"
"315","60937837","Swamy39"
"316","61458407","Ra_THORe"
"317","1073676020","HeadlinesToday"
"318","87170183","juniorbachchan"
"319","42606652","aajtak"
"320","105210222","karan009wahi"
"321","123287206","RannvijaySingha"
"322","2597494213","MOSHomeIndia"
"323","47753886","nikhilchinapa"
"324","57953364","parakala"
"325","53555106","udaychopra"
"326","242253020","JP_LOKSATTA"
"327","164213375","IndianDiplomacy"
"328","18354016","ZoomTV"
"329","113352671","deespeak"
"330","350128848","ShahnawazBJP"
"331","217749900","The_AnuMalik"
"332","296612629","narendramodi_in"
"333","183230911","aliaa08"
"334","2615362436","DelhiDynamos"
"335","86254626","realpreityzinta"
"336","105803556","HTBrunch"
"337","1317076194","AapYogendra"
"338","122995784","Javedakhtarjadu"
"339","53414786","Actor_Siddharth"
"340","78259714","ashutosh83B"
"341","1401726968","ambkcsingh"
"342","286036879","TSeries"
"343","120965579","quizderek"
"344","461841349","ZeeNewsHindi"
"345","1597860398","TawdeVinod"
"346","75461194","StarWorldIndia"
"347","347257032","ash_r_dhanush"
"348","291557277","TandonRaveena"
"349","2243499816","HNY"
"350","134758540","timesofindia"
"351","428792888","ComedyCentralIn"
"352","44317593","ishaantharoor"
"353","64947724","karshkalemusic"
"354","30457335","Shaair"
"355","1657730988","Ram_Guha"
"356","139189823","ShivAroor"
"357","103770785","TwitterIndia"
"358","56685329","bhupendrachaube"
"359","373410448","M_Lekhi"
"360","63749116","ruchicatomar"
"361","36052760","nilanjanaroy"
"362","346316391","prashantktm"
"363","99448420","GautamGambhir"
"364","304815805","UTVStars"
"365","69914008","FarahKhanAli"
"366","139385992","kartikmurali"
"367","66092787","RandeepHooda"
"368","38403110","ayushmannk"
"369","791517902","ZeeTV"
"370","1072993274","PrakashJavdekar"
"371","78022296","VOGUEIndia"
"372","15639696","IPL"
"373","18236129","ashesinwind"
"374","114423418","RpSingh99"
"375","47571031","mandybedi"
"376","75509967","rahulkanwal"
"377","440172131","TheRajKundra"
"378","222516693","Guttajwala"
"379","92332298","kenghosh"
"380","220228167","MadhuriDixit"
"381","92708272","msdhoni"
"382","85221650","ncbn"
"383","333982951","dreamgirlhema"
"384","2596143056","MoHFW_INDIA"
"385","78941611","bhogleharsha"
"386","53355887","atulkasbekar"
"387","17082958","rajasthanroyals"
"388","366947884","Varun_dvn"
"389","77732185","drharshvardhan"
"390","101311381","iamsrk"
"391","2558635207","MumbaiCityFC"
"392","38412590","ndtvgoodtimes"
"393","16375496","sambitbal"
"394","43017766","RGVzoomin"
"395","39523524","gauris"
"396","1910442534","KapilSibal"
"397","94833341","AbhayDeol"
"398","441636351","MEAIndia"
"399","137780376","Dev_Fadnavis"
"400","121044171","ImRaina"
"401","40884854","jiteshpillaai"
"402","80018213","jackkybhagnani"
"403","1867843520","NandanNilekani"
"404","233070139","itsaadee"
"405","74265849","MishalHusainBBC"
"406","200150767","TanishaaMukerji"
"407","1251083774","ChouhanShivraj"
"408","287156977","naqvimukhtar"
"409","1606048885","AUThackeray"
"410","26744267","chakrabortty"
"411","27602673","RajeevMasand"
"412","23766957","rajeevgowda"
"413","373416209","SalmanRushdie"
"414","486711396","YuvaiTV"
"415","317034396","ShraddhaKapoor"
"416","172057857","varungandhi80"
"417","195703895","TheFarahKhan"
"418","1320600308","sherryontopp"
"419","70179948","LalitKModi"
"420","108849346","impoornapatel"
"421","2534310320","CimGOI"
"422","295026890","SonuSood"
"423","1877831","nytimesworld"
"424","92945681","harbhajan_singh"
"425","331136088","PandaJay"
"426","31348594","akshaykumar"
"427","123774113","arbaazSkhan"
"428","62589395","IMDbTV"
"429","19314650","chuckpalahniuk"
"430","2765974980","MarsOrbiter"
"431","1176135546","superstarrajini"
"432","23592970","KKRiders"
"433","21957826","OmiOneKenobe"
"434","265178794","MiraPagliNair"
"435","613321095","MikaSingh"
"436","18071358","ZeeNews"
"437","97217966","nitin_gadkari"
"438","88856792","aamir_khan"
"439","1492538024","KapilSharmaK9"
"440","31135086","iKabirBedi"
"441","135421739","sachin_rt"
"442","79915337","ActorMadhavan"
"443","137616033","sidmallya"
"444","110025421","kalkikanmani"
"445","1659400986","VinodKhanna"
"446","75854417","konkonas"
"447","132385468","BeingSalmanKhan"
"448","122453931","ImranKhanPTI"
"449","57947582","anubhavsinha"
"450","16983244","MissMalini"
"451","52339151","PritishNandy"
"452","13149332","ChannelvIndia"
"453","244957467","ghoshworld"
"454","145125358","SrBachchan"
"455","94530194","googleindia"
"456","277434037","RNTata2000"
"457","92726549","geneliad"
"458","513067381","satyamevjayate"
"459","30417501","msisodia"
"460","110384744","sreesanth36"
"461","2574072036","ShekharGupta"
"462","44839509","CNBCTV18Live"
"463","57998991","Riteishd"
"464","84352985","fbhutto"
"465","2282022638","TheVivaanShah"
"466","1640302076","HSKDOfficial"
"467","252018855","SudhanshuTrived"
